Source,Date,Amount,Description,Category
Expense,2018-01-02,10.81,Gas,Transportation
Expense,2018-01-02,9.00,Datacamp Subscription,Personal
Expense,2018-01-02,37.87,Walmart Grocery,Food
Expense,2018-01-02,4.99,Steam Videogame,Recreation
Expense,2018-01-02,11.99,Hulu Subscription,Recreation
Expense,2018-01-02,10.00,St. Thomas,Charity
Expense,2018-01-02,48.93,Income Tax,Tax
Expense,2018-01-03,5.41,Caribou Coffee,Food
Expense,2018-01-03,35.83,Gas,Transportation
Expense,2018-01-04,1.99,Steam Videogame,Recreation
Expense,2018-01-04,10.32,Gas,Transportation
Expense,2018-01-04,24.86,Walmart Grocery,Personal
Expense,2018-01-04,83.74,Capital One Card,Debt
Expense,2018-01-05,0.60,Jerry's Hardware,Personal
Expense,2018-01-08,24.99,Steam Videogame,Recreation
Expense,2018-01-08,5.20,Peace Coffee,Food
Expense,2018-01-08,2.71,Peace Coffee,Food
Expense,2018-01-08,3.86,Starbucks Coffee,Food
Expense,2018-01-08,66.64,Itunes Legend of Korra,Recreation
Expense,2018-01-08,10.00,Olive Garden,Food
Expense,2018-01-08,94.85,Target Grocery,Food
Expense,2018-01-08,118.33,Income Tax,Tax
Expense,2018-01-09,10.00,St. Thomas,Charity
Expense,2018-01-10,83.08,Walmart Grocery,Food
Expense,2018-01-11,5.38,Starbucks Coffee,Food
Expense,2018-01-11,9.99,Blizzard Videogame,Recreation
Expense,2018-01-11,6.00,Dunn Bros Coffee,Food
Expense,2018-01-12,53.62,Target Grocery,Food
Expense,2018-01-12,39.27,Gas,Transportation
Expense,2018-01-15,10.00,St. Thomas,Charity
Expense,2018-01-15,26.48,Joann's Craft Supplies,Recreation
Expense,2018-01-16,6.71,Chick-fil-A Restaurant,Food
Expense,2018-01-16,45.56,Target Grocery,Food
Expense,2018-01-17,4.71,Caribou Coffee,Food
Expense,2018-01-17,7.00,CF Clinic Parking,Transportation
Expense,2018-01-17,11.82,Netflix Entertainment,Recreation
Expense,2018-01-17,5.36,Hardee's Restaurant,Food
Expense,2018-01-17,13.28,Target Grocery,Food
Expense,2018-01-19,2.50,Dunn Bros Coffee,Food
Expense,2018-01-19,39.10,Gas,Transportation
Expense,2018-01-19,50.14,Target Grocery,Food
Expense,2018-01-19,60.18,Target Home Goods,Home
Expense,2018-01-20,14.17,Target Grocery,Food
Expense,2018-01-21,25.07,Capital One Card,Debt
Expense,2018-01-22,10.00,St. Thomas,Charity
Expense,2018-01-23,6.49,Caribou Coffee,Food
Expense,2018-01-23,39.19,Target Grocery,Food
Expense,2018-01-24,5.41,Caribou Coffee,Food
Expense,2018-01-25,4.98,Caribou Coffee,Food
Expense,2018-01-25,36.62,Gas,Transportation
Expense,2018-01-25,36.66,Target Grocery,Food
Expense,2018-01-25,140.04,Target Home Goods,Personal
Expense,2018-01-26,17.99,Target Home Goods,Personal
Expense,2018-01-26,22.04,Noodles Restaurant,Food
Expense,2018-01-27,27.56,Target Grocery,Food
Expense,2018-01-27,27.99,Target Home Goods,Personal
Expense,2018-01-29,10.00,St. Thomas,Charity
Expense,2018-01-29,29.00,Datacamp Subscription,Personal
Expense,2018-01-29,8.05,McDonalds Restaurant,Food
Expense,2018-01-29,1.00,Walgreens Pharmacy,Health/Medical
Expense,2018-01-29,24.77,Walmart Grocery,Food
Expense,2018-01-30,4.71,Caribou Coffee,Food
Expense,2018-01-30,3.74,McDonalds Restaurant,Food
Expense,2018-01-31,5.54,Starbucks Coffee,Food
Expense,2018-01-31,40.09,Gas,Transportation
Expense,2018-01-31,10.74,Sims Videogame,Recreation
Expense,2018-01-31,6.44,Culver's Restaurant,Food
Expense,2018-01-31,17.51,Target Grocery,Food
Expense,2018-02-02,11.99,Hulu Subscription,Recreation
Expense,2018-02-05,27.03,Target Grocery,Food
Expense,2018-02-05,64.41,Target Home Goods,Personal
Expense,2018-02-05,7.96,Panda Express Restaurant,Food
Expense,2018-02-05,47.36,Walmart Grocery,Food
Expense,2018-02-05,124.98,Famous Footwear,Personal
Expense,2018-02-06,10.00,St. Thomas,Charity
Expense,2018-02-06,40.28,Gas,Transportation
Expense,2018-02-07,343.17,Nelnet Student Loan,Debt
Expense,2018-02-07,5.37,Origin Video Game,Recreation
Expense,2018-02-07,149.30,Income Tax,Tax
Expense,2018-02-07,11.94,Chess Book,Recreation
Expense,2018-02-07,9.99,Blizzard Videogame,Recreation
Expense,2018-02-07,51.76,Target Grocery,Food
Expense,2018-02-09,55.40,Federal Income Tax,Tax
Expense,2018-02-09,131.15,Social Security,Tax
Expense,2018-02-09,30.67,Medicare Tax,Tax
Expense,2018-02-09,35.19,MN State Income Tax,Tax
Expense,2018-02-09,42.66,Target Grocery,Food
Expense,2018-02-09,34.99,Target Home Goods,Personal
Expense,2018-02-10,5.50,Perkin's Restaurant,Food
Expense,2018-02-10,39.58,Gas,Transportation
Expense,2018-02-10,16.67,Which Wich Restaurant,Food
Expense,2018-02-10,2.42,Starbucks Coffee,Food
Expense,2018-02-11,71.93,Target Grocery,Food
Expense,2018-02-11,50.00,Target Home Goods,Personal
Expense,2018-02-12,10.00,St. Thomas,Charity
Expense,2018-02-12,28.00,Dad's Amazon Order,Recreation
Expense,2018-02-12,20.04,Target Grocery,Food
Expense,2018-02-13,4.94,McDonalds Restaurant,Food
Expense,2018-02-14,2.25,Caribou Coffee,Food
Expense,2018-02-14,85.03,Dad's Comcast,Recreation
Expense,2018-02-15,3.32,Caribou Coffee,Food
Expense,2018-02-15,7.83,McDonalds Restaurant,Food
Expense,2018-02-15,9.02,Chick-fil-A Restaurant,Food
Expense,2018-02-15,296.73,IKEA,Home
Expense,2018-02-15,32.99,Target Grocery,Food
Expense,2018-02-15,38.13,Social Security,Tax
Expense,2018-02-15,8.92,Medicare,Tax
Expense,2018-02-16,38.41,Gas,Transportation
Expense,2018-02-16,2.42,Starbucks Coffee,Food
Expense,2018-02-16,11.82,Netflix Entertainment,Recreation
Expense,2018-02-17,102.14,Target Grocery,Food
Expense,2018-02-17,50.00,Target Home Goods,Personal
Expense,2018-02-17,5.79,White Castle Restaurant,Food
Expense,2018-02-18,18.70,Noodles Restaurant,Food
Expense,2018-02-18,92.43,Target Home Goods,Personal
Expense,2018-02-18,7.20,Starbucks Coffee,Food
Expense,2018-02-19,4.95,Starbucks Coffee,Food
Expense,2018-02-19,10.00,St. Thomas,Charity
Expense,2018-02-19,38.95,Gas,Transportation
Expense,2018-02-20,22.31,Noodles Restaurant,Food
Expense,2018-02-20,120.37,JCPenny Clothing,Personal
Expense,2018-02-20,7.73,LeeAnn Chin Restaurant,Food
Expense,2018-02-20,60.02,Target Home Goods,Personal
Expense,2018-02-21,5.98,Target Grocery,Food
Expense,2018-02-22,2.25,Caribou Coffee,Food
Expense,2018-02-22,6.54,McDonalds Restaurant,Food
Expense,2018-02-22,88.32,Target Grocery,Food
Expense,2018-02-22,5.37,Target Grocery,Food
Expense,2018-02-22,17.93,Whole Foods Grocery,Food
Expense,2018-02-22,7.99,Minecraft Realm,Recreation
Expense,2018-02-23,55.40,Federal Income Tax,Tax
Expense,2018-02-23,131.16,Social Security,Tax
Expense,2018-02-23,30.68,Medicare Tax,Tax
Expense,2018-02-23,35.19,MN State Income Tax,Tax
Expense,2018-02-23,6.61,Walmart Grocery,Food
Expense,2018-02-25,180.81,Dad's Home Depot,Home
Expense,2018-02-25,13.54,Dad's Home Depot,Home
Expense,2018-02-26,55.39,Target Grocery,Food
Expense,2018-02-26,58.30,Target Grocery,Food
Expense,2018-02-26,-53.94,Dad's Home Depot,Home
Expense,2018-02-26,37.70,Gas,Transportation
Expense,2018-02-26,6.10,McDonalds Restaurant,Food
Expense,2018-02-26,10.00,St. Thomas,Charity
Expense,2018-02-27,6.20,McDonalds Restaurant,Food
Expense,2018-02-27,13.95,Starbucks Coffee,Food
Expense,2018-03-01,29.00,Datacamp Subscription,Personal
Expense,2018-03-01,11.99,Hulu Subscription,Recreation
Expense,2018-03-01,1.00,Walgreens Pharmacy,Health/Medical
Expense,2018-03-01,100.49,Target Grocery,Food
Expense,2018-03-02,6.04,Walmart Grocery,Food
Expense,2018-03-05,63.46,Target Grocery,Food
Expense,2018-03-06,7.83,Jimmy John's Restaurant,Food
Expense,2018-03-06,10.00,St. Thomas,Charity
Expense,2018-03-07,13.60,Target Grocery,Food
Expense,2018-03-07,4.30,Gas,Transportation
Expense,2018-03-07,34.21,Gas,Transportation
Expense,2018-03-07,1.50,Holiday Donut,Food
Expense,2018-03-08,1.50,Holiday Donut,Food
Expense,2018-03-08,99.00,Amazon Prime Subscription,Recreation
Expense,2018-03-08,343.17,Nelnet Student Loan,Debt
Expense,2018-03-08,106.20,Target Grocery,Food
Expense,2018-03-09,6.55,Culver's Restaurant,Food
Expense,2018-03-09,12.00,Perkin's Restaurant,Food
Expense,2018-03-09,48.24,Federal Income Tax,Tax
Expense,2018-03-09,116.82,Social Security,Tax
Expense,2018-03-09,27.32,Medicare Tax,Tax
Expense,2018-03-09,31.36,MN State Income Tax,Tax
Expense,2018-03-09,16.99,Dental Insurance,Health/Medical
Expense,2018-03-09,207.53,Medical Insurance,Health/Medical
Expense,2018-03-09,6.99,Vision Insurance,Health/Medical
Expense,2018-03-09,7.50,Vol Ee Life,Health/Medical
Expense,2018-03-11,105.05,Target Grocery,Food
Expense,2018-03-11,99.00,Chess.com Membership,Recreation
Expense,2018-03-13,6.64,McDonalds Restaurant,Food
Expense,2018-03-13,10.00,St. Thomas,Charity
Expense,2018-03-14,2.25,Caribou Coffee,Food
Expense,2018-03-14,8.67,Walmart Grocery,Food
Expense,2018-03-14,12.90,Noodles Restaurant,Food
Expense,2018-03-15,5.31,Caribou Coffee,Food
Expense,2018-03-16,-99.00,Chess.com Membership,Recreation
Expense,2018-03-16,5.41,Caribou Coffee,Food
Expense,2018-03-16,86.01,Norton Subscription,Personal
Expense,2018-03-16,21.18,Rubber Stamp Start NC,Recreation
Expense,2018-03-16,11.82,Netflix Subscription,Recreation
Expense,2018-03-16,0.67,Adjustment,Other
Expense,2018-03-19,8.16,McDonalds Restaurant,Food
Expense,2018-03-19,68.06,Target Grocery,Food
Expense,2018-03-19,14.46,Starbucks Coffee,Food
Expense,2018-03-19,107.36,Dad's Comcast,Personal
Expense,2018-03-19,38.97,Gas,Transportation
Expense,2018-03-19,13.44,Which Wich Restaurant,Food
Expense,2018-03-19,116.95,Target Grocery,Food
Expense,2018-03-19,19.54,Starbucks Coffee,Food
Expense,2018-03-19,18.00,Pizza Hut Restaurant,Food
Expense,2018-03-20,10.00,St. Thomas,Charity
Expense,2018-03-20,64.50,Graco Carseat Base,Personal
Expense,2018-03-20,46.24,Gas,Transportation
Expense,2018-03-21,7.06,Caribou Coffee,Food
Expense,2018-03-21,9.00,CF Clinic Parking,Transportation
Expense,2018-03-21,7.66,Davanni's Restaurant,Food
Expense,2018-03-21,5.46,Caribou Coffee,Food
Expense,2018-03-21,34.38,EA Sims Videogame,Recreation
Expense,2018-03-21,10.48,Walmart Grocery,Food
Expense,2018-03-22,19.99,Steam Videogame,Recreation
Expense,2018-03-22,7.62,Culver's Restaurant,Food
Expense,2018-03-22,136.54,Target Grocery,Food
Expense,2018-03-23,48.24,Federal Income Tax,Tax
Expense,2018-03-23,116.82,Social Security,Tax
Expense,2018-03-23,27.32,Medicare Tax,Tax
Expense,2018-03-23,31.36,MN State Income Tax,Tax
Expense,2018-03-23,16.99,Dental Insurance,Health/Medical
Expense,2018-03-23,207.53,Medical Insurance,Health/Medical
Expense,2018-03-23,6.66,Vision Insurance,Health/Medical
Expense,2018-03-23,7.50,Vol Ee Life,Health/Medical
Expense,2018-03-23,6.48,Target Grocery,Food
Expense,2018-03-26,39.25,Gas,Transportation
Expense,2018-03-26,11.73,Target Grocery,Food
Expense,2018-03-26,7.99,Minecraft Realm,Recreation
Expense,2018-03-26,65.98,Target Grocery,Food
Expense,2018-03-27,10.00,St. Thomas,Charity
Expense,2018-03-28,5.27,Starbucks Coffee,Food
Expense,2018-03-28,2.25,Caribou Coffee,Food
Expense,2018-03-28,82.08,Target Home Goods,Personal
Expense,2018-03-28,1.00,Walgreens Pharmacy,Health/Medical
Expense,2018-03-29,2.25,Caribou Coffee,Food
Expense,2018-03-30,11.16,Chick-fil-A Restaurant,Food
Expense,2018-03-30,29.00,Datacamp Subscription,Personal
Expense,2018-03-30,2.25,Caribou Coffee,Food
Expense,2018-03-30,10.00,Gas,Transportation
Expense,2018-04-02,2.77,Itunes Music,Recreation
Expense,2018-04-02,4.28,McDonalds Restaurant,Food
Expense,2018-04-02,202.26,Target Grocery,Food
Expense,2018-04-02,11.99,Hulu Subscription,Recreation
Expense,2018-04-02,31.17,Walgreens Pharmacy,Health/Medical
Expense,2018-04-03,8.97,Wendy's Restaurant,Food
Expense,2018-04-03,10.00,St. Thomas,Charity
Expense,2018-04-03,84.54,Target Grocery,Food
Expense,2018-04-04,9.02,Chick-fil-A Restaurant,Food
Expense,2018-04-05,6.75,White Castle Restaurant,Food
Expense,2018-04-05,38.97,Gas,Transportation
Expense,2018-04-05,24.14,Target Home Goods,Personal
Expense,2018-04-06,48.24,Federal Income Tax,Tax
Expense,2018-04-06,116.82,Social Security,Tax
Expense,2018-04-06,27.32,Medicare Tax,Tax
Expense,2018-04-06,31.36,MN State Income Tax,Tax
Expense,2018-04-06,16.99,Dental Insurance,Health/Medical
Expense,2018-04-06,207.53,Medical Insurance,Health/Medical
Expense,2018-04-06,6.66,Vision Insurance,Health/Medical
Expense,2018-04-06,7.50,Vol Ee Life,Health/Medical
Expense,2018-04-06,21.49,Itunes Movie,Recreation
Expense,2018-04-06,343.17,Nelnet Student Loan,Debt
Expense,2018-04-06,54.36,Walmart Home Goods,Personal
Expense,2018-04-09,100.00,St. Thomas,Charity
Expense,2018-04-09,8.66,Chick-fil-A Restaurant,Food
Expense,2018-04-09,66.00,Carter's Clothing,Personal
Expense,2018-04-09,200.37,Target Grocery,Food
Expense,2018-04-09,5.78,Caribou Coffee,Food
Expense,2018-04-09,2.08,Target Home Goods,Personal
Expense,2018-04-10,10.00,St. Thomas,Charity
Expense,2018-04-10,2.25,Caribou Coffee,Food
Expense,2018-04-10,17.47,Noodles Restaurant,Food
Expense,2018-04-11,2.03,Caribou Coffee,Food
Expense,2018-04-11,37.63,Gas,Transportation
Expense,2018-04-12,6.74,McDonalds Restaurant,Food
Expense,2018-04-12,6.66,Culver's Restaurant,Food
Expense,2018-04-12,149.59,Target Home Goods,Personal
Expense,2018-04-16,9.99,Amazon,Recreation
Expense,2018-04-16,118.27,Amazon,Recreation
Expense,2018-04-16,24.70,Cafe Donuts,Food
Expense,2018-04-17,11.82,Netflix Subscription,Recreation
Expense,2018-04-17,333.00,MN State Income Tax,Tax
Expense,2018-04-17,84.23,Target Grocery,Food
Expense,2018-04-17,0.03,Adjustment,Other
Expense,2018-04-19,72.65,Target Grocery,Food
Expense,2018-04-20,48.24,Federal Income Tax,Tax
Expense,2018-04-20,116.82,Social Security,Tax
Expense,2018-04-20,27.32,Medicare Tax,Tax
Expense,2018-04-20,31.36,MN State Income Tax,Tax
Expense,2018-04-20,16.99,Dental Insurance,Health/Medical
Expense,2018-04-20,207.53,Medical Insurance,Health/Medical
Expense,2018-04-20,6.66,Vision Insurance,Health/Medical
Expense,2018-04-20,7.50,Vol Ee Life,Health/Medical
Expense,2018-04-20,37.35,Gas,Transportation
Expense,2018-04-20,1.50,Donuts,Food
Expense,2018-04-20,4.48,Chipotle Restaurant,Food
Expense,2018-04-20,17.00,Pizza Hut Restaurant,Food
Expense,2018-04-20,19.99,Amazon,Recreation
Expense,2018-04-20,6.64,McDonalds Restaurant,Food
Expense,2018-04-20,6.74,McDonalds Restaurant,Food
Expense,2018-04-20,2.26,Nebulizer Cups,Health/Medical
Expense,2018-04-22,7.48,McDonalds Restaurant,Food
Expense,2018-04-23,1.50,Donuts,Food
Expense,2018-04-23,20.00,St. Thomas,Charity
Expense,2018-04-24,130.44,State Farm Life Insurance,Health/Medical
Expense,2018-04-24,2.08,Target Grocery,Food
Expense,2018-04-24,12.80,Walmart Grocery,Food
Expense,2018-04-24,37.52,Gas,Transportation
Expense,2018-04-24,6.12,McDonalds Restaurant,Food
Expense,2018-04-24,7.99,Minecraft Realm,Recreation
Expense,2018-04-24,80.12,Target Home Goods,Personal
Expense,2018-04-26,6.20,McDonalds Restaurant,Food
Expense,2018-04-26,1.50,Donuts,Food
Expense,2018-04-30,15.56,Five Guys Restaurant,Food
Expense,2018-04-30,70.62,Target Grocery,Food
Expense,2018-04-30,29.00,Datacamp Subscription,Recreation
Expense,2018-05-01,120.00,Costco Membership,Food
Expense,2018-05-01,32.52,Trader Joe's Grocery,Food
Expense,2018-05-01,84.06,Costco Grocery,Food
Expense,2018-05-02,65.98,Target Grocery,Food
Expense,2018-05-02,11.99,Hulu Subscription,Recreation
Expense,2018-05-02,41.21,Gas,Transportation
Expense,2018-05-02,4.00,Walmart Home Goods,Personal
Expense,2018-05-03,5.69,McDonalds Restaurant,Food
Expense,2018-05-03,5.03,Culver's Restaurant,Food
Expense,2018-05-04,7.06,Dairy Queen Restaurant,Food
Expense,2018-05-04,48.24,Federal Income Tax,Tax
Expense,2018-05-04,116.82,Social Security,Tax
Expense,2018-05-04,27.32,Medicare Tax,Tax
Expense,2018-05-04,31.36,MN State Income Tax,Tax
Expense,2018-05-04,16.99,Dental Insurance,Health/Medical
Expense,2018-05-04,207.53,Medical Insurance,Health/Medical
Expense,2018-05-04,6.66,Vision Insurance,Health/Medical
Expense,2018-05-04,7.50,Vol Ee Life,Health/Medical
Expense,2018-05-05,38.25,Social Security,Tax
Expense,2018-05-05,8.98,Medicare Tax,Tax
Expense,2018-05-05,50.74,Costco Grocery,Food
Expense,2018-05-05,47.97,Costco Home Goods,Personal
Expense,2018-05-05,9.02,Chick-fil-A Restaurant,Food
Expense,2018-05-07,343.17,Nelnet Student Loan,Debt
Expense,2018-05-07,130.65,Target Home Goods,Personal
Expense,2018-05-07,18.55,Noodles Restaurant,Food
Expense,2018-05-07,20.00,St. Thomas,Charity
Expense,2018-05-07,1.50,Donuts,Food
Expense,2018-05-07,987.00,Townhouse Deposit,Home
Expense,2018-05-09,38.96,Gas,Transportation
Expense,2018-05-10,1.70,Donuts,Food
Expense,2018-05-10,7.73,Lee Ann Chin Restaurant,Food
Expense,2018-05-10,51.13,Target Home Goods,Personal
Expense,2018-05-10,75.92,Cub Grocery,Food
Expense,2018-05-11,21.49,Itunes Movies,Recreation
Expense,2018-05-11,3.25,Walmart Home Goods,Personal
Expense,2018-05-11,-0.02,Adjustment,Other
Expense,2018-05-14,7.37,Chipotle Restaurant,Food
Expense,2018-05-14,81.27,Walmart Home Goods,Personal
Expense,2018-05-14,17.74,Noodles Restaurant,Food
Expense,2018-05-14,31.55,Target Home Goods,Personal
Expense,2018-05-14,20.00,St. Thomas,Charity
Expense,2018-05-14,5.37,Caribou Coffee,Food
Expense,2018-05-14,9.02,Chick-fil-A Restaurant,Food
Expense,2018-05-14,29.99,Steam Videogame,Recreation
Expense,2018-05-14,66.86,Costco Home Goods,Personal
Expense,2018-05-14,77.22,Costco Grocery,Food
Expense,2018-05-14,21.50,Mother's Day Gift,Recreation
Expense,2018-05-15,1.50,Donuts,Food
Expense,2018-05-15,7.37,Chipotle Restaurant,Food
Expense,2018-05-15,11.82,Netflix Subscription,Recreation
Expense,2018-05-16,24.99,Target Home Goods,Personal
Expense,2018-05-17,7.06,Dairy Queen Restaurant,Food
Expense,2018-05-17,7.06,Dairy Queen Restaurant,Food
Expense,2018-05-18,48.24,Federal Income Tax,Tax
Expense,2018-05-18,116.82,Social Security,Tax
Expense,2018-05-18,27.32,Medicare Tax,Tax
Expense,2018-05-18,31.36,MN State Income Tax,Tax
Expense,2018-05-18,16.99,Dental Insurance,Health/Medical
Expense,2018-05-18,207.53,Medical Insurance,Health/Medical
Expense,2018-05-18,6.99,Vision Insurance,Health/Medical
Expense,2018-05-18,7.50,Vol Ee Life,Health/Medical
Expense,2018-05-18,6.75,McDonalds Restaurant,Food
Expense,2018-05-18,50.39,Target Home Goods,Personal
Expense,2018-05-18,20.00,MSCA Membership,Recreation
Expense,2018-05-18,40.00,USCF Membership,Recreation
Expense,2018-05-18,70.00,Chess Tournament,Recreation
Expense,2018-05-18,5.69,Target Grocery,Food
Expense,2018-05-18,2.08,Target Grocery,Food
Expense,2018-05-18,41.30,Gas,Transportation
Expense,2018-05-19,5.48,Starbucks Coffee,Food
Expense,2018-05-19,18.28,Noodles Restaurant,Food
Expense,2018-05-20,7.13,Starbucks Coffee,Food
Expense,2018-05-20,18.71,Which Wich Restaurant,Food
Expense,2018-05-21,20.00,St. Thomas,Charity
Expense,2018-05-21,41.42,Social Security,Tax
Expense,2018-05-21,9.69,Medicare Tax,Tax
Expense,2018-05-21,54.69,Gas,Transportation
Expense,2018-05-21,62.21,State Farm Life Insurance,Health/Medical
Expense,2018-05-21,15.56,Five Guys Restaurant,Food
Expense,2018-05-21,25.37,CUB Grocery,Food
Expense,2018-05-21,80.22,Costco Grocery,Food
Expense,2018-05-21,42.63,Gas,Transportation
Expense,2018-05-22,6.74,McDonalds Restaurant,Food
Expense,2018-05-23,13.68,Target Home Goods,Personal
Expense,2018-05-24,6.74,McDonalds Restaurant,Food
Expense,2018-05-24,9.55,McDonalds Restaurant,Food
Expense,2018-05-24,38.20,Walmart Home Goods,Personal
Expense,2018-05-25,7.99,Minecraft Realm,Recreation
Expense,2018-05-25,16.13,Which Wich Restaurant,Food
Expense,2018-05-25,0.76,Starbucks Coffee,Food
Expense,2018-05-25,5.03,White Castle Restaurant,Food
Expense,2018-05-29,10.17,Gas,Transportation
Expense,2018-05-29,5.35,Caribou Restaurant,Food
Expense,2018-05-29,76.38,Target Grocery,Food
Expense,2018-05-29,1088.12,Furniture Mart,Home
Expense,2018-05-29,9.32,White Castle Restaurant,Food
Expense,2018-05-29,20.00,St. Thomas,Charity
Expense,2018-05-29,175.02,Menards,Home
Expense,2018-05-29,10.02,Gas,Transportation
Expense,2018-05-29,315.22,Ikea Furniture,Home
Expense,2018-05-29,12.40,Ikea Restaurant,Food
Expense,2018-05-29,5.35,McDonalds Restaurant,Food
Expense,2018-05-29,5.81,Starbucks Coffee,Food
Expense,2018-05-29,0.76,Starbucks Coffee,Food
Expense,2018-05-29,-0.77,Adjustment,Other
Expense,2018-05-29,58.65,Costco Grocery,Food
Expense,2018-05-29,38.68,Gas,Transportation
Expense,2018-05-30,17.31,Walmart Home Goods,Personal
Expense,2018-06-01,48.24,Federal Income Tax,Tax
Expense,2018-06-01,116.83,Social Security,Tax
Expense,2018-06-01,27.33,Medicare Tax,Tax
Expense,2018-06-01,31.36,MN State Income Tax,Tax
Expense,2018-06-01,16.99,Dental Insurance,Health/Medical
Expense,2018-06-01,207.53,Medical Insurance,Health/Medical
Expense,2018-06-01,6.99,Vision Insurance,Health/Medical
Expense,2018-06-01,7.50,Vol Ee Life,Health/Medical
Expense,2018-06-01,25.00,Xfinity Internet,Utilities
Expense,2018-06-01,11.99,Hulu Subscription,Recreation
Expense,2018-06-01,202.48,Target Home Goods,Personal
Expense,2018-06-01,7.37,Chipotle Restaurant,Food
Expense,2018-06-01,7.42,Starbucks Coffee,Food
Expense,2018-06-01,4.29,McDonalds Restaurant,Food
Expense,2018-06-01,-0.33,Adjustment,Other
Expense,2018-06-01,1669.00,Rent,Home
Expense,2018-06-01,-660.00,Jenna Rent,Home
Expense,2018-06-02,200.56,Walmart Home Goods,Personal
Expense,2018-06-02,19.00,Lee Ann Chin Restaurant,Food
Expense,2018-06-02,153.11,Best Buy,Utilities
Expense,2018-06-02,295.93,Costco Grocery,Food
Expense,2018-06-03,20.00,Domino's Pizza,Food
Expense,2018-06-03,168.89,Target Home Goods,Personal
Expense,2018-06-03,322.56,Target Furniture,Home
Expense,2018-06-03,3.18,Target Home Goods,Personal
Expense,2018-06-04,7.37,Chipotle Restaurant,Food
Expense,2018-06-04,20.00,St. Thomas,Charity
Expense,2018-06-04,32.42,Gas,Transportation
Expense,2018-06-04,198.97,Costco Home Goods,Home
Expense,2018-06-04,6.00,CF Clinic Parking,Transportation
Expense,2018-06-04,79.44,Walmart Home Goods,Home
Expense,2018-06-04,161.28,Target Home Goods,Home
Expense,2018-06-04,262.34,Amazon Stroller,Home
Expense,2018-06-05,50.43,Walmart Home Goods,Home
Expense,2018-06-06,6.18,Starbucks Coffee,Food
Expense,2018-06-06,343.17,Nelnet Student Loan,Debt
Expense,2018-06-07,16.99,Whole Foods Grocery,Food
Expense,2018-06-07,42.99,Gas,Transportation
Expense,2018-06-07,4.83,Target Home Goods,Personal
Expense,2018-06-07,164.51,Target Home Goods,Personal
Expense,2018-06-07,2.89,McDonalds Restaurant,Food
Expense,2018-06-08,10.84,Target Grocery,Food
Expense,2018-06-08,-20.00,Jenna Rent,Home
Expense,2018-06-08,61.87,JCPenney Dress,Personal
Expense,2018-06-08,10.51,Taco Johns,Food
Expense,2018-06-09,104.21,Walmart Home Goods,Personal
Expense,2018-06-09,36.65,Target Home Goods,Personal
Expense,2018-06-11,14.75,McDonalds Restaurant,Food
Expense,2018-06-11,39.60,Gas,Transportation
Expense,2018-06-11,105.46,Target Home Goods,Personal
Expense,2018-06-11,22.41,CVS Pharmacy,Personal
Expense,2018-06-11,15.99,Duluth Aquarium,Recreation
Expense,2018-06-11,5.00,Duluth Aquarium,Recreation
Expense,2018-06-11,35.98,Duluth Aquarium,Recreation
Expense,2018-06-12,20.00,St. Thomas,Charity
Expense,2018-06-12,16.91,Duluth RMCF,Recreation
Expense,2018-06-12,14.93,Duluth Toasty's,Food
Expense,2018-06-12,3.00,Duluth Parking,Transportation
Expense,2018-06-12,40.00,Duluth Grill,Food
Expense,2018-06-12,3.00,Duluth Parking,Transportation
Expense,2018-06-12,90.00,Duluth Pack,Personal
Expense,2018-06-12,26.00,Duluth ATM,Personal
Expense,2018-06-12,2.50,Duluth ATM,Personal
Expense,2018-06-13,27.76,Duluth Split Rock,Recreation
Expense,2018-06-13,42.28,Duluth Target,Personal
Expense,2018-06-13,3.00,Duluth Parking,Transportation
Expense,2018-06-13,13.01,Duluth Culver's,Food
Expense,2018-06-13,25.04,Duluth Gooseberry,Recreation
Expense,2018-06-13,35.00,Duluth State Park Pass,Transportation
Expense,2018-06-13,16.00,Duluth Toasty's,Food
Expense,2018-06-13,4.67,Duluth Snacks,Food
Expense,2018-06-13,3.00,Duluth Parking,Transportation
Expense,2018-06-13,12.16,Duluth Little Angies,Food
Expense,2018-06-13,3.00,Duluth Parking,Transportation
Expense,2018-06-13,4.75,Duluth Cold Stone,Food
Expense,2018-06-13,61.44,Duluth Park Point Gear,Recreation
Expense,2018-06-13,590.52,Duluth Park Point,Recreation
Expense,2018-06-14,9.80,Duluth Dairy Queen,Food
Expense,2018-06-14,39.47,Gas,Transportation
Expense,2018-06-14,6.31,Duluth Caribou,Food
Expense,2018-06-14,10.74,Itunes Game,Recreation
Expense,2018-06-14,11.19,Carter's Clothing,Personal
Expense,2018-06-14,34.66,Target Grocery,Food
Expense,2018-06-14,7.29,Target Grocery,Food
Expense,2018-06-14,65.64,Walmart Grocery,Food
Expense,2018-06-14,186.76,Duluth Park Point Marina,Recreation
Expense,2018-06-15,48.24,Federal Income Tax,Tax
Expense,2018-06-15,116.83,Social Security,Tax
Expense,2018-06-15,27.33,Medicare Tax,Tax
Expense,2018-06-15,31.36,MN State Income Tax,Tax
Expense,2018-06-15,16.99,Dental Insurance,Health/Medical
Expense,2018-06-15,207.53,Medical Insurance,Health/Medical
Expense,2018-06-15,6.99,Vision Insurance,Health/Medical
Expense,2018-06-15,7.50,Vol Ee Life,Health/Medical
Expense,2018-06-15,47.25,Xfinity Internet,Utilities
Expense,2018-06-15,69.72,Target Home Goods,Personal
Expense,2018-06-16,11.82,Netflix Subscription,Recreation
Expense,2018-06-16,20.25,Walmart Home Goods,Personal
Expense,2018-06-17,6.18,Walmart Home Goods,Personal
Expense,2018-06-18,7.19,Taco Bell Restaurant,Food
Expense,2018-06-18,5.03,White Castle Restaurant,Food
Expense,2018-06-18,20.00,St. Thomas,Charity
Expense,2018-06-18,27.43,Target Grocery,Food
Expense,2018-06-19,41.36,Gas,Transportation
Expense,2018-06-19,7.84,Starbucks Coffee,Food
Expense,2018-06-19,7.19,Taco Bell Restaurant,Food
Expense,2018-06-19,107.61,Target Grocery,Food
Expense,2018-06-20,4.50,White Castle Restaurant,Food
Expense,2018-06-20,6.20,McDonalds Restaurant,Food
Expense,2018-06-22,14.19,Noodles Restaurant,Food
Expense,2018-06-22,7.79,Walmart Home Goods,Personal
Expense,2018-06-22,4.07,Donuts,Food
Expense,2018-06-25,44.47,Walmart Home Goods,Personal
Expense,2018-06-25,0.99,Itunes Music,Recreation
Expense,2018-06-25,52.94,Walmart Grocery,Food
Expense,2018-06-25,7.99,Minecraft Realm,Recreation
Expense,2018-06-25,3.79,Starbucks Coffee,Food
Expense,2018-06-26,9.32,White Castle Restaurant,Food
Expense,2018-06-26,20.00,St. Thomas,Charity
Expense,2018-06-27,12.53,Starbucks Coffee,Food
Expense,2018-06-27,14.32,Hospital Food,Food
Expense,2018-06-27,14.96,Davanni's Restaurant,Food
Expense,2018-06-27,3.44,Davanni's Restaurant,Food
Expense,2018-06-28,12.09,Davanni's Restaurant,Food
Expense,2018-06-28,10.39,Subway Restaurant,Food
Expense,2018-06-28,26.00,Parking,Transportation
Expense,2018-06-28,32.00,Good Earth Restaurant,Food
Expense,2018-06-28,63.55,State Farm Life Insurance,Health/Medical
Expense,2018-06-28,12.53,Starbucks Coffee,Food
Expense,2018-06-29,71.36,Federal Income Tax,Tax
Expense,2018-06-29,131.16,Social Security,Tax
Expense,2018-06-29,30.67,Medicare Tax,Tax
Expense,2018-06-29,43.73,MN State Income Tax,Tax
Expense,2018-06-29,0.00,Dental Insurance,Health/Medical
Expense,2018-06-29,0.00,Medical Insurance,Health/Medical
Expense,2018-06-29,0.00,Vision Insurance,Health/Medical
Expense,2018-06-29,0.00,Vol Ee Life,Health/Medical
Expense,2018-06-29,7.10,Hospital Food,Food
Expense,2018-06-29,9.02,Chick-Fil-A Restaurant,Food
Expense,2018-06-29,46.03,Gas,Transportation
Expense,2018-07-01,1669.00,Rent,Home
Expense,2018-07-01,-680.00,Jenna Rent,Home
Expense,2018-07-01,109.82,Target Grocery,Food
Expense,2018-07-01,16.00,Khol's Clothing,Personal
Expense,2018-07-01,10.61,Arby's Restaurant,Food
Expense,2018-07-01,68.47,Old Navy Clothing,Personal
Expense,2018-07-01,109.66,Amazon Box Spring,Home
Expense,2018-07-02,11.99,Hulu Subscription,Recreation
Expense,2018-07-02,20.00,St. Thomas,Charity
Expense,2018-07-02,49.21,Walmart Grocery,Food
Expense,2018-07-02,150.52,Hobby Lobby Furniture,Home
Expense,2018-07-03,7.00,Hospital Parking,Transportation
Expense,2018-07-03,10.94,Taco Johns,Food
Expense,2018-07-05,159.94,Cosco,Personal
Expense,2018-07-05,39.06,Gas,Transportation
Expense,2018-07-05,18.27,Walgreens,Health/Medical
Expense,2018-07-06,343.17,Nelnet Student Loan,Debt
Expense,2018-07-06,19.92,Blizzard Ingame Purchase,Recreation
Expense,2018-07-06,55.00,Domino's Pizza,Recreation
Expense,2018-07-06,9.02,Chick-Fil-A Restaurant,Food
Expense,2018-07-06,16.37,Starbucks Coffee,Food
Expense,2018-07-06,37.74,Walmart Grocery,Food
Expense,2018-07-06,94.17,Target Home Goods,Personal
Expense,2018-07-07,39.99,Xfinity Internet,Utilities
Expense,2018-07-07,175.80,Xcel Energy,Utilities
Expense,2018-07-07,18.40,Centerpoint Energy,Utilities
Expense,2018-07-07,-93.68,Jenna Utility,Utilities
Expense,2018-07-07,15.19,Social Security,Tax
Expense,2018-07-07,3.55,Medicare Tax,Tax
Expense,2018-07-07,52.89,Aldi Grocery,Food
Expense,2018-07-09,39.23,Lowe's Plants,Recreation
Expense,2018-07-09,10.71,Amazon Movie,Recreation
Expense,2018-07-09,18.23,Which Wich Restaurant,Food
Expense,2018-07-09,20.00,St. Thomas,Charity
Expense,2018-07-10,6.74,McDonald's Restaurant,Food
Expense,2018-07-10,6.75,McDonald's Restaurant,Food
Expense,2018-07-11,7.37,Chipotle Restaurant,Food
Expense,2018-07-12,43.64,Gas,Transportation
Expense,2018-07-12,2.19,Donuts,Food
Expense,2018-07-12,70.64,Target Grocery,Food
Expense,2018-07-13,48.24,Federal Income Tax,Tax
Expense,2018-07-13,116.83,Social Security,Tax
Expense,2018-07-13,27.33,Medicare Tax,Tax
Expense,2018-07-13,31.36,MN State Income Tax,Tax
Expense,2018-07-13,16.99,Dental Insurance,Health/Medical
Expense,2018-07-13,207.53,Medical Insurance,Health/Medical
Expense,2018-07-13,6.66,Vision Insurance,Health/Medical
Expense,2018-07-13,7.50,Vol Ee Life,Health/Medical
Expense,2018-07-13,13.66,Menards,Personal
Expense,2018-07-16,20.00,St. Thomas,Charity
Expense,2018-07-16,11.82,Netflix Subscription,Recreation
Expense,2018-07-16,11.88,Walmart Home Goods,Personal
Expense,2018-07-16,15.97,Shutterfly Invitations,Recreation
Expense,2018-07-16,25.50,Walmart Grocery,Food
Expense,2018-07-16,51.94,Target Grocery,Food
Expense,2018-07-16,21.99,Amazon Swaddle,Personal
Expense,2018-07-17,182.32,Justin Medical Bill,Health/Medical
Expense,2018-07-17,6.74,McDonald's Restaurant,Food
Expense,2018-07-18,5.04,McDonald's Restaurant,Food
Expense,2018-07-18,123.92,Target Grocery,Food
Expense,2018-07-20,24.70,Cafe Donuts,Food
Expense,2018-07-20,2.85,Starbucks Coffee,Food
Expense,2018-07-20,42.27,Gas,Transportation
Expense,2018-07-22,29.25,Target Grocery,Food
Expense,2018-07-22,24.50,JC Penney,Personal
Expense,2018-07-22,2.99,Caribou Coffee,Food
Expense,2018-07-23,20.00,St. Thomas,Charity
Expense,2018-07-23,4.50,White Castle Restaurant,Food
Expense,2018-07-23,7.99,Minecraft Realm,Recreation
Expense,2018-07-23,33.38,Walmart Auto,Transportation
Expense,2018-07-24,0.99,Apple ICloud,Recreation
Expense,2018-07-24,6.20,McDonald's Restaurant,Food
Expense,2018-07-24,13.80,Walmart Auto,Transportation
Expense,2018-07-25,67.33,Target Grocery,Food
Expense,2018-07-26,8.44,Target Grocery,Food
Expense,2018-07-27,48.24,Federal Income Tax,Tax
Expense,2018-07-27,116.83,Social Security,Tax
Expense,2018-07-27,27.33,Medicare Tax,Tax
Expense,2018-07-27,31.36,MN State Income Tax,Tax
Expense,2018-07-27,16.99,Dental Insurance,Health/Medical
Expense,2018-07-27,207.53,Medical Insurance,Health/Medical
Expense,2018-07-27,6.66,Vision Insurance,Health/Medical
Expense,2018-07-27,7.50,Vol Ee Life,Health/Medical
Expense,2018-07-28,9.98,Gas,Transportation
Expense,2018-07-28,25.79,Walmart Grocery,Food
Expense,2018-07-29,19.33,Starbucks Coffee,Food
Expense,2018-07-29,4.99,Steam Game,Recreation
Expense,2018-07-29,6.00,Parking,Transportation
Expense,2018-07-30,20.00,St. Thomas,Charity
Expense,2018-07-31,9.98,Gas,Transportation
Expense,2018-08-01,2.00,Adjustment,Other
Expense,2018-08-01,18.40,Centerpoint Energy,Utilities
Expense,2018-08-01,37.51,Gas,Transportation
Expense,2018-08-01,217.84,Costco Grocery,Food
Expense,2018-08-01,129.28,Target Home Goods,Personal
Expense,2018-08-01,1669.00,Rent,Home
Expense,2018-08-01,-680.00,Jenna Rent,Home
Expense,2018-08-01,-20.00,Jenna Home Goods,Personal
Expense,2018-08-01,11.99,Hulu Subscription,Recreation
Expense,2018-08-01,30.00,Walmart Grocery (Jenna),Food
Expense,2018-08-01,63.55,State Farm Life Insurance,Health/Medical
Expense,2018-08-02,39.99,Xfinity Internet,Utilities
Expense,2018-08-02,251.46,Xcel Energy,Utilities
Expense,2018-08-03,16.39,Centerpoint Energy,Utilities
Expense,2018-08-03,97.48,Famous Footwear,Personal
Expense,2018-08-03,106.95,Target Home Goods,Personal
Expense,2018-08-04,216.00,Leaflet Missal,Home
Expense,2018-08-04,42.79,Leaflet Missal,Personal
Expense,2018-08-04,11.46,Wendy's Restaurant,Food
Expense,2018-08-04,3.00,Allina Copay,Health/Medical
Expense,2018-08-05,17.65,Walmart Home Goods,Recreation
Expense,2018-08-05,46.29,Party City,Recreation
Expense,2018-08-06,343.17,Nelnet Student Loan,Debt
Expense,2018-08-06,20.00,St. Thomas,Charity
Expense,2018-08-07,-130.49,Jenna Utility,Utilities
Expense,2018-08-07,5.25,White Castle Restaurant,Food
Expense,2018-08-07,42.82,Gas,Transportation
Expense,2018-08-07,11.42,Walmart Grocery,Food
Expense,2018-08-08,10.57,Walmart Home Goods,Recreation
Expense,2018-08-08,2.68,Walmart Grocery,Food
Expense,2018-08-08,2.34,Walmart Home Goods,Recreation
Expense,2018-08-09,9.02,Chick-Fil-A Restaurant,Food
Expense,2018-08-10,48.24,Federal Income Tax,Tax
Expense,2018-08-10,116.83,Social Security,Tax
Expense,2018-08-10,27.32,Medicare Tax,Tax
Expense,2018-08-10,31.36,MN State Income Tax,Tax
Expense,2018-08-10,16.99,Dental Insurance,Health/Medical
Expense,2018-08-10,207.53,Medical Insurance,Health/Medical
Expense,2018-08-10,6.66,Vision Insurance,Health/Medical
Expense,2018-08-10,7.50,Vol Ee Life,Health/Medical
Expense,2018-08-10,10.84,Walmart Grocery,Food
Expense,2018-08-10,7.28,Culver's Restaurant,Food
Expense,2018-08-11,68.90,Blick Art Supplies,Recreation
Expense,2018-08-11,44.96,Target Home Goods,Recreation
Expense,2018-08-13,20.00,St. Thomas,Charity
Expense,2018-08-13,6.20,Mcdonald's Restaurant,Food
Expense,2018-08-13,63.55,State Farm Life Insurance,Health/Medical
Expense,2018-08-14,17.34,Starbucks Coffee,Food
Expense,2018-08-14,6.75,Mcdonald's Restaurant,Food
Expense,2018-08-15,20.00,Kirstie Cash,Personal
Expense,2018-08-15,47.50,Gas,Transportation
Expense,2018-08-16,11.82,Netflix Subscription,Recreation
Expense,2018-08-16,22.29,Walmart Grocery,Food
Expense,2018-08-17,113.19,Target Grocery,Food
Expense,2018-08-19,183.37,Target Home Goods,Home
Expense,2018-08-20,20.00,St. Thomas,Charity
Expense,2018-08-20,16.13,Which Wich Restaurant,Food
Expense,2018-08-21,48.53,Walmart Grocery,Food
Expense,2018-08-22,3.97,Mcdonald's Restaurant,Food
Expense,2018-08-22,25.80,Autozone,Transportation
Expense,2018-08-23,5.80,Menards,Home
Expense,2018-08-23,9.41,Chick-Fil-A Restaurant,Food
Expense,2018-08-23,40.60,Gas,Transportation
Expense,2018-08-23,4.08,Casey's Gas Station,Food
Expense,2018-08-23,5.12,Caribou Coffee,Food
Expense,2018-08-24,48.24,Federal Income Tax,Tax
Expense,2018-08-24,116.83,Social Security,Tax
Expense,2018-08-24,27.33,Medicare Tax,Tax
Expense,2018-08-24,31.36,MN State Income Tax,Tax
Expense,2018-08-24,16.99,Dental Insurance,Health/Medical
Expense,2018-08-24,207.53,Medical Insurance,Health/Medical
Expense,2018-08-24,6.66,Vision Insurance,Health/Medical
Expense,2018-08-24,7.50,Vol Ee Life,Health/Medical
Expense,2018-08-24,103.19,Target Grocery,Food
Expense,2018-08-24,10.74,Menards,Home
Expense,2018-08-26,25.00,Cystic Fibrosis Foundation,Charity
Expense,2018-08-27,20.00,St. Thomas,Charity
Expense,2018-08-28,11.96,Target Grocery,Food
Expense,2018-08-31,15.19,Social Security,Tax
Expense,2018-08-31,3.55,Medicare Tax,Tax
Expense,2018-08-31,16.13,Which Wich Restaurant,Food
Expense,2018-08-31,6.87,Culver's Restaurant,Food
Expense,2018-08-31,4.08,Casey's Gas Station,Food
Expense,2018-08-31,0.99,Itunes,Other
Expense,2018-08-31,41.30,Gas,Transportation
Expense,2018-08-31,12.00,Jenna Venmo,Food
Expense,2018-09-01,126.62,Target Grocery,Food
Expense,2018-09-01,1669.00,Rent,Home
Expense,2018-09-01,-680.00,Rent,Home
Expense,2018-09-01,200.00,State Fair,Recreation
Expense,2018-09-01,225.00,Warby Parker,Health/Medical
Expense,2018-09-01,95.00,Warby Parker,Health/Medical
Expense,2018-09-01,-6.00,State Fair,Recreation
Expense,2018-09-02,62.60,Target Home Goods,Personal
Expense,2018-09-02,25.80,Target Home Goods,Personal
Expense,2018-09-03,12.36,Target Grocery,Food
Expense,2018-09-03,111.00,Carter's Clothes,Personal
Expense,2018-09-04,44.60,Walgreens Pharmacy,Health/Medical
Expense,2018-09-04,3.97,Mcdonald's Restaurant,Food
Expense,2018-09-04,32.24,Itunes,Recreation
Expense,2018-09-04,20.00,St. Thomas,Charity
Expense,2018-09-05,35.19,Target Home Goods,Personal
Expense,2018-09-06,4.06,Mcdonald's Restaurant,Food
Expense,2018-09-06,343.17,Nelnet Student Loan,Debt
Expense,2018-09-06,39.99,Xfinity Internet,Utilities
Expense,2018-09-06,63.55,State Farm Life Insurance,Health/Medical
Expense,2018-09-06,186.56,Xcel Energy,Utilities
Expense,2018-09-06,23.46,Centerpoint Energy,Utilities
Expense,2018-09-06,-100.00,Jenna Utility,Utilities
Expense,2018-09-06,42.17,Walmart Grocery,Food
Expense,2018-09-07,37.66,Federal Income Tax,Tax
Expense,2018-09-07,116.83,Social Security,Tax
Expense,2018-09-07,27.32,Medicare Tax,Tax
Expense,2018-09-07,25.70,MN State Income Tax,Tax
Expense,2018-09-07,16.99,Dental Insurance,Health/Medical
Expense,2018-09-07,207.53,Medical Insurance,Health/Medical
Expense,2018-09-07,6.66,Vision Insurance,Health/Medical
Expense,2018-09-07,7.50,Vol Ee Life,Health/Medical
Expense,2018-09-07,4.49,Mcdonald's Restaurant,Food
Expense,2018-09-07,105.77,401k,Other
Expense,2018-09-08,54.95,Car Tabs,Transportation
Expense,2018-09-08,308.16,Costco Grocery,Food
Expense,2018-09-08,28.80,Aldi Grocery,Food
Expense,2018-09-08,9.41,Chick-Fil-A Restaurant,Food
Expense,2018-09-09,109.50,Expired Tabs Ticket,Transportation
Expense,2018-09-09,37.59,Target Home Goods,Personal
Expense,2018-09-09,39.52,Walmart Grocery,Food
Expense,2018-09-10,20.00,St. Thomas,Charity
Expense,2018-09-11,7.37,Chipotle Restaurant,Food
Expense,2018-09-12,7.73,LeeAnn Chin,Food
Expense,2018-09-12,61.01,Target Home Goods,Personal
Expense,2018-09-13,41.26,Gas,Transportation
Expense,2018-09-13,9.00,Barnes and Nobles Books,Personal
Expense,2018-09-13,15.04,Itunes,Recreation
Expense,2018-09-13,16.11,Itunes,Recreation
Expense,2018-09-14,9.41,Chick-Fil-A Restaurant,Food
Expense,2018-09-15,31.15,Target Home Goods,Personal
Expense,2018-09-17,20.00,St. Thomas,Charity
Expense,2018-09-17,5.48,Starbucks Coffee,Food
Expense,2018-09-17,11.82,Netflix Subscription,Recreation
Expense,2018-09-17,51.29,Itunes,Recreation
Expense,2018-09-17,5.48,Starbucks Coffee,Food
Expense,2018-09-17,113.67,Target Grocery,Food
Expense,2018-09-18,5.48,Starbucks Coffee,Food
Expense,2018-09-18,5.36,Target Grocery,Food
Expense,2018-09-19,5.48,Starbucks Coffee,Food
Expense,2018-09-19,9.53,Subway Restaurant,Food
Expense,2018-09-20,18.69,Chick-Fil-A Restaurant,Food
Expense,2018-09-20,1.49,Chick-Fil-A Restaurant,Food
Expense,2018-09-20,37.96,Cosco Grocery,Food
Expense,2018-09-20,41.28,Gas,Transportation
Expense,2018-09-21,37.66,Federal Income Tax,Tax
Expense,2018-09-21,116.83,Social Security,Tax
Expense,2018-09-21,27.33,Medicare Tax,Tax
Expense,2018-09-21,25.70,MN State Income Tax,Tax
Expense,2018-09-21,16.99,Dental Insurance,Health/Medical
Expense,2018-09-21,207.53,Medical Insurance,Health/Medical
Expense,2018-09-21,6.66,Vision Insurance,Health/Medical
Expense,2018-09-21,7.50,Vol Ee Life,Health/Medical
Expense,2018-09-21,105.77,401k,Other
Expense,2018-09-22,97.29,Target Grocery,Food
Expense,2018-09-24,20.00,St. Thomas,Charity
Expense,2018-09-24,1.79,Casey's Gas Station,Food
Expense,2018-09-24,41.48,Amazon Headphones,Personal
Expense,2018-09-24,0.99,Apple ICloud,Personal
Expense,2018-09-24,8.00,Joann Fabrics,Recreation
Expense,2018-09-24,17.40,Walmart Grocery,Food
Expense,2018-09-24,7.99,Minecraft Realm,Recreation
Expense,2018-09-26,5.69,Mcdonald's Restaurant,Food
Expense,2018-09-27,68.94,Target Grocery,Food
Expense,2018-09-30,59.52,Social Security,Tax
Expense,2018-09-30,13.92,Medicare Tax,Tax
Expense,2018-09-30,13.29,Federal Income Tax,Tax
Expense,2018-09-30,13.13,MN State Income Tax,Tax
Expense,2018-10-01,42.78,Gas,Transportation
Expense,2018-10-01,30.50,Domino's Pizza,Food
Expense,2018-10-01,-10.00,Domino's Pizza,Food
Expense,2018-10-01,17.99,Steam Game,Recreation
Expense,2018-10-01,1669.00,Rent,Home
Expense,2018-10-01,-680.00,Jenna Rent,Home
Expense,2018-10-01,172.77,Xcel Energy,Utilities
Expense,2018-10-01,39.99,Xfinity Internet,Utilities
Expense,2018-10-01,343.17,Nelnet Student Loan,Debt
Expense,2018-10-01,164.84,Target Home Goods,Personal
Expense,2018-10-01,7.50,Subway Restaurant,Food
Expense,2018-10-01,20.00,St. Thomas,Charity
Expense,2018-10-01,12.87,Hulu Subscription,Recreation
Expense,2018-10-01,42.31,Gas,Transportation
Expense,2018-10-02,75.75,Target Grocery,Food
Expense,2018-10-02,-94.84,Jenna Utility,Utilities
Expense,2018-10-02,24.35,Centerpoint Energy,Utilities
Expense,2018-10-03,4.30,Wendy's Restaurant,Food
Expense,2018-10-03,11.05,Taco Johns,Food
Expense,2018-10-03,36.85,Walmart Home Goods,Personal
Expense,2018-10-04,28.00,Lost Cash,Other
Expense,2018-10-04,28.93,Target Grocery,Food
Expense,2018-10-04,9.99,Steam Game,Recreation
Expense,2018-10-05,37.66,Federal Income Tax,Tax
Expense,2018-10-05,116.83,Social Security,Tax
Expense,2018-10-05,27.33,Medicare Tax,Tax
Expense,2018-10-05,25.70,MN State Income Tax,Tax
Expense,2018-10-05,16.99,Dental Insurance,Health/Medical
Expense,2018-10-05,207.53,Medical Insurance,Health/Medical
Expense,2018-10-05,6.66,Vision Insurance,Health/Medical
Expense,2018-10-05,7.50,Vol Ee Life,Health/Medical
Expense,2018-10-05,105.77,401k,Other
Expense,2018-10-05,30.00,TCCL,Recreation
Expense,2018-10-05,40.33,Gas,Transportation
Expense,2018-10-05,6.75,White Castle Restaurant,Food
Expense,2018-10-05,5.00,Perkin's Restaurant,Food
Expense,2018-10-05,11.76,Target Grocery,Food
Expense,2018-10-05,2.99,Target Grocery,Food
Expense,2018-10-06,26.99,Kirstie Workout Clothes,Personal
Expense,2018-10-06,119.27,Amazon Order,Recreation
Expense,2018-10-06,5.35,Joann Fabrics,Recreation
Expense,2018-10-06,14.13,Chick-Fil-A Restaurant,Food
Expense,2018-10-07,8.79,Dad's Beer,Food
Expense,2018-10-08,20.00,St. Thomas,Charity
Expense,2018-10-08,31.16,Olive Garden,Food
Expense,2018-10-08,9.66,Target Grocery,Food
Expense,2018-10-08,20.84,Walmart Home Goods,Personal
Expense,2018-10-09,4.06,Mcdonald's Restaurant,Food
Expense,2018-10-09,7.37,Target Grocery,Food
Expense,2018-10-09,105.06,Target Grocery,Food
Expense,2018-10-10,42.33,Gas,Transportation
Expense,2018-10-10,55.88,5k Grey Ghost Run,Recreation
Expense,2018-10-11,17.31,Target Grocery,Food
Expense,2018-10-12,24.70,Cafe Donuts,Food
Expense,2018-10-12,40.00,Buca Restaurant,Food
Expense,2018-10-13,14.00,SCA Tournament Lunch,Food
Expense,2018-10-13,14.13,Chick-Fil-A Restaurant,Food
Expense,2018-10-14,18.35,Walmart Home Goods,Personal
Expense,2018-10-15,20.00,St. Thomas,Charity
Expense,2018-10-15,31.00,Social Security,Tax
Expense,2018-10-15,7.25,Medicare Tax,Tax
Expense,2018-10-15,25.00,401k,Other
Expense,2018-10-16,42.01,Gas,Transportation
Expense,2018-10-16,89.84,Target Grocery,Food
Expense,2018-10-17,11.82,Netflix Subscription,Recreation
Expense,2018-10-18,4.06,Mcdonald's Restaurant,Food
Expense,2018-10-18,6.67,Casey's Gas Station,Food
Expense,2018-10-18,34.82,Target Grocery,Food
Expense,2018-10-19,37.66,Federal Income Tax,Tax
Expense,2018-10-19,116.83,Social Security,Tax
Expense,2018-10-19,27.33,Medicare Tax,Tax
Expense,2018-10-19,25.70,MN State Income Tax,Tax
Expense,2018-10-19,16.99,Dental Insurance,Health/Medical
Expense,2018-10-19,207.53,Medical Insurance,Health/Medical
Expense,2018-10-19,6.66,Vision Insurance,Health/Medical
Expense,2018-10-19,7.50,Vol Ee Life,Health/Medical
Expense,2018-10-19,105.77,401k,Other
Expense,2018-10-19,7.37,Chipotle Restaurant,Food
Expense,2018-10-19,19.72,Walmart Grocery,Food
Expense,2018-10-19,7.47,Target Grocery,Food
Expense,2018-10-20,118.74,Target Grocery,Food
Expense,2018-10-21,9.86,Arby's Restaurant,Food
Expense,2018-10-21,14.99,Steam Game,Recreation
Expense,2018-10-22,20.00,St. Thomas,Charity
Expense,2018-10-22,9.00,Hospital Parking,Transportation
Expense,2018-10-22,43.98,Gas,Transportation
Expense,2018-10-22,7.99,Minecraft Realm,Recreation
Expense,2018-10-23,15.46,Walmart Grocery,Food
Expense,2018-10-24,15.05,Target Grocery,Food
Expense,2018-10-24,63.55,State Farm Life Insurance,Health/Medical
Expense,2018-10-25,7.37,Chipotle Restaurant,Food
Expense,2018-10-25,17.10,Walmart Grocery,Food
Expense,2018-10-25,0.99,Apple ICloud,Personal
Expense,2018-10-26,6.92,Culver's Restaurant,Food
Expense,2018-10-27,-10.00,Found Cash,Other
Expense,2018-10-27,13.58,Chick-Fil-A Restaurant,Food
Expense,2018-10-27,21.00,Domino's Pizza,Food
Expense,2018-10-27,15.96,Target Grocery,Food
Expense,2018-10-28,20.00,St. Thomas Baby Bottle,Charity
Expense,2018-10-28,113.61,Target Grocery,Food
Expense,2018-10-29,20.00,St. Thomas,Charity
Expense,2018-11-01,43.02,Gas,Transportation
Expense,2018-11-01,1669.00,Rent,Home
Expense,2018-11-01,-660.00,Jenna Rent,Home
Expense,2018-11-01,343.17,Nelnet Student Loan,Debt
Expense,2018-11-01,12.87,Hulu Subscription,Recreation
Expense,2018-11-01,3.97,Mcdonald's,Food
Expense,2018-11-01,39.99,Xfinity Internet,Utilities
Expense,2018-11-01,87.06,Xcel Energy,Utilities
Expense,2018-11-01,3.20,Taco Bell,Food
Expense,2018-11-01,103.62,Sweet Maria's Coffee,Food
Expense,2018-11-01,34.38,Target Grocery,Food
Expense,2018-11-02,-66.37,Jenna Utility,Utilities
Expense,2018-11-02,38.87,Centerpoint Energy,Utilities
Expense,2018-11-02,48.24,Federal Income Tax,Tax
Expense,2018-11-02,116.83,Social Security,Tax
Expense,2018-11-02,27.33,Medicare Tax,Tax
Expense,2018-11-02,31.36,MN State Income Tax,Tax
Expense,2018-11-02,16.99,Dental Insurance,Health/Medical
Expense,2018-11-02,207.53,Medical Insurance,Health/Medical
Expense,2018-11-02,6.66,Vision Insurance,Health/Medical
Expense,2018-11-02,7.50,Vol Ee Life,Health/Medical
Expense,2018-11-02,15.59,Which Wich,Food
Expense,2018-11-02,2.50,Perkin's,Food
Expense,2018-11-03,88.23,Target,Food
Expense,2018-11-03,40.30,Gas,Transportation
Expense,2018-11-04,197.39,Costco,Personal
Expense,2018-11-05,20.00,St. Thomas,Charity
Expense,2018-11-05,7.00,Hospital Parking,Transportation
Expense,2018-11-05,4.52,Hospital Food,Food
Expense,2018-11-05,26.87,Itunes,Personal
Expense,2018-11-05,-20.00,Jenna Rent,Home
Expense,2018-11-06,2.98,Casey's Gas Station,Food
Expense,2018-11-06,3.97,Mcdonald's,Food
Expense,2018-11-06,47.44,Target,Food
Expense,2018-11-06,15.02,Walmart,Food
Expense,2018-11-08,7.73,LeeAnn Chin,Food
Expense,2018-11-08,7.10,Gas,Transportation
Expense,2018-11-08,19.76,Menard's,Recreation
Expense,2018-11-08,62.87,Target,Personal
Expense,2018-11-09,29.00,Datacamp Subscription,Recreation
Expense,2018-11-09,39.99,Gas,Transportation
Expense,2018-11-09,7.38,Walmart,Food
Expense,2018-11-10,10.06,Starbucks,Food
Expense,2018-11-10,59.79,Target,Food
Expense,2018-11-10,6.39,Home Depot,Personal
Expense,2018-11-11,20.46,Walmart,Food
Expense,2018-11-11,9.32,White Castle,Food
Expense,2018-11-12,20.00,St. Thomas,Charity
Expense,2018-11-12,2.89,Target,Food
Expense,2018-11-12,3.69,Target,Food
Expense,2018-11-13,2000.00,Car Downpayment,Transportation
Expense,2018-11-13,64.84,Progressive Insurance,Transportation
Expense,2018-11-13,4.95,Wendy's,Food
Expense,2018-11-13,8.37,Arby's,Food
Expense,2018-11-14,2.98,Casey's Gas Station,Food
Expense,2018-11-14,10.00,Flowers for Becky,Other
Expense,2018-11-15,4.65,Social Security,Tax
Expense,2018-11-15,1.08,Medicare Tax,Tax
Expense,2018-11-15,11.10,Aldi,Food
Expense,2018-11-15,80.58,Target,Food
Expense,2018-11-16,48.24,Federal Income Tax,Tax
Expense,2018-11-16,116.83,Social Security,Tax
Expense,2018-11-16,27.33,Medicare Tax,Tax
Expense,2018-11-16,31.36,MN State Income Tax,Tax
Expense,2018-11-16,16.99,Dental Insurance,Health/Medical
Expense,2018-11-16,207.53,Medical Insurance,Health/Medical
Expense,2018-11-16,6.66,Vision Insurance,Health/Medical
Expense,2018-11-16,7.50,Vol Ee Life,Health/Medical
Expense,2018-11-16,10.18,Walmart,Food
Expense,2018-11-16,6.75,White Castle,Food
Expense,2018-11-16,5.37,Itunes,Recreation
Expense,2018-11-17,11.82,Netflix Subscription,Recreation
Expense,2018-11-17,35.72,Gas,Transportation
Expense,2018-11-17,20.47,Jimmy John's,Food
Expense,2018-11-17,-7.00,Jimmy John's,Food
Expense,2018-11-19,20.00,St. Thomas,Charity
Expense,2018-11-19,4.06,Mcdonald's,Food
Expense,2018-11-19,4.06,Mcdonald's,Food
Expense,2018-11-20,8.83,Popeye's,Food
Expense,2018-11-20,21.97,Walmart,Food
Expense,2018-11-21,3.68,Casey's Gas Station,Food
Expense,2018-11-21,7.37,Chipotle,Food
Expense,2018-11-21,35.16,Gas,Transportation
Expense,2018-11-21,73.61,Target,Food
Expense,2018-11-23,72.28,Carter's,Personal
Expense,2018-11-23,4.28,Walmart,Food
Expense,2018-11-24,17.20,Which Wich,Food
Expense,2018-11-26,20.00,St. Thomas,Charity
Expense,2018-11-26,0.99,Apple ICloud,Recreation
Expense,2018-11-26,16.50,Walmart Grocery,Food
Expense,2018-11-27,162.13,Grocery,Food
Expense,2018-11-30,71.36,Federal Income Tax,Tax
Expense,2018-11-30,131.16,Social Security,Tax
Expense,2018-11-30,30.67,Medicare Tax,Tax
Expense,2018-11-30,43.73,MN State Income Tax,Tax
Expense,2018-11-30,0.00,Dental Insurance,Health/Medical
Expense,2018-11-30,0.00,Medical Insurance,Health/Medical
Expense,2018-11-30,0.00,Vision Insurance,Health/Medical
Expense,2018-11-30,0.00,Vol Ee Life,Health/Medical
Expense,2018-11-30,-80.00,Sweet Maria's Coffee,Food
Expense,2018-11-30,-22.54,Adjustment,Other
Expense,2018-12-01,30.06,Gas,Transportation
Expense,2018-12-01,194.85,Target,Food
Expense,2018-12-01,1669.00,Rent,Home
Expense,2018-12-01,-680.00,Jenna Rent,Home
Expense,2018-12-01,343.17,Nelnet Student Loan,Debt
Expense,2018-12-01,39.99,Xfinity Internet,Utilities
Expense,2018-12-01,91.39,Xcel Energy,Utilities
Expense,2018-12-01,245.81,Well's Fargo Auto,Debt
Expense,2018-12-01,63.55,State Farm Life Insurance,Health/Medical
Expense,2018-12-01,123.74,Progressive Insurance,Transportation
Expense,2018-12-01,2.00,Perkins Restaurant,Food
Expense,2018-12-02,63.12,Walmart,Recreation
Expense,2018-12-02,25.74,Joann Fabrics,Recreation
Expense,2018-12-02,12.87,Hulu Subscription,Recreation
Expense,2018-12-03,59.19,Centerpoint Energy,Utilities
Expense,2018-12-03,-76.23,Jenna Utility,Utilities
Expense,2018-12-03,20.00,St. Thomas,Charity
Expense,2018-12-03,55.76,Target,Food
Expense,2018-12-03,26.83,Hobby Lobby,Recreation
Expense,2018-12-03,7.03,Arby's,Food
Expense,2018-12-04,117.18,Target,Personal
Expense,2018-12-04,38.06,Walmart,Recreation
Expense,2018-12-05,28.94,Gas,Transportation
Expense,2018-12-05,1.34,Walmart,Food
Expense,2018-12-08,6.00,Subway,Food
Expense,2018-12-08,96.73,Target,Food
Expense,2018-12-09,105.36,Amazon,Recreation
Expense,2018-12-09,7.52,Wendy's,Food
Expense,2018-12-10,20.00,St. Thomas,Charity
Expense,2018-12-10,32.55,Social Security,Tax
Expense,2018-12-10,7.62,Medicare Tax,Tax
Expense,2018-12-10,30.72,Gas,Transportation
Expense,2018-12-11,4.08,Mcdonald's,Food
Expense,2018-12-11,209.20,Target,Food
Expense,2018-12-12,1.99,Casey's,Food
Expense,2018-12-13,15.21,Target,Recreation
Expense,2018-12-14,48.24,Federal Income Tax,Tax
Expense,2018-12-14,116.83,Social Security,Tax
Expense,2018-12-14,27.33,Medicare Tax,Tax
Expense,2018-12-14,31.36,MN State Income Tax,Tax
Expense,2018-12-14,16.99,Dental Insurance,Health/Medical
Expense,2018-12-14,207.53,Medical Insurance,Health/Medical
Expense,2018-12-14,6.66,Vision Insurance,Health/Medical
Expense,2018-12-14,7.50,Vol Ee Life,Health/Medical
Expense,2018-12-14,5.53,Culver's,Food
Expense,2018-12-15,31.53,Joann Fabrics,Recreation
Expense,2018-12-15,14.13,Chick-Fil-A,Food
Expense,2018-12-15,14.13,Chick-Fil-A,Food
Expense,2018-12-16,29.89,Gas,Transportation
Expense,2018-12-16,11.77,Car Wash,Transportation
Expense,2018-12-16,30.88,Dominos,Food
Expense,2018-12-16,-10.00,Dominos,Food
Expense,2018-12-17,20.00,St. Thomas,Charity
Expense,2018-12-17,11.82,Netflix Subscription,Recreation
Expense,2018-12-18,3.74,Subway,Food
Expense,2018-12-18,89.16,Target,Personal
Expense,2018-12-18,9.99,Target,Personal
Expense,2018-12-19,127.47,Amazon,Recreation
Expense,2018-12-19,25.22,Amazon,Recreation
Expense,2018-12-19,17.33,Shutterfly,Recreation
Expense,2018-12-20,44.65,ThinkGeek,Recreation
Expense,2018-12-21,2.46,Caribou,Food
Expense,2018-12-21,3.68,Casey's,Food
Expense,2018-12-21,21.62,Target,Food
Expense,2018-12-22,4.23,Perkins,Food
Expense,2018-12-22,15.05,The Woods,Recreation
Expense,2018-12-22,14.51,Walgreens,Personal
Expense,2018-12-22,26.04,Gas,Transportation
Expense,2018-12-24,20.00,St. Thomas,Charity
Expense,2018-12-24,1.68,Walmart,Food
Expense,2018-12-24,41.73,Walmart,Food
Expense,2018-12-25,17.19,Steam Game,Recreation
Expense,2018-12-26,3.98,Casey's,Food
Expense,2018-12-26,0.99,Apple ICloud,Recreation
Expense,2018-12-26,21.49,Itunes,Recreation
Expense,2018-12-28,48.24,Federal Income Tax,Tax
Expense,2018-12-28,116.83,Social Security,Tax
Expense,2018-12-28,27.33,Medicare Tax,Tax
Expense,2018-12-28,31.36,MN State Income Tax,Tax
Expense,2018-12-28,16.99,Dental Insurance,Health/Medical
Expense,2018-12-28,207.53,Medical Insurance,Health/Medical
Expense,2018-12-28,6.66,Vision Insurance,Health/Medical
Expense,2018-12-28,7.50,Vol Ee Life,Health/Medical
Expense,2018-12-31,20.00,St. Thomas,Charity
Expense,2018-12-31,13.15,Adjustment,Other
Expense,2018-12-26,46.87,Walmart,Food
Expense,2018-12-27,4.48,Target,Food
Expense,2018-12-28,9.24,Target,Food
Income,2018-01-01,130.51,Starting,Starting
Income,2018-01-02,630.00,Bill Harrison,Chess
Income,2018-01-03,175.00,Michael Perry,Chess
Income,2018-01-08,1667.50,Paycheck,Tangible
Income,2018-02-06,175.00,VIA Dehmer,Other
Income,2018-02-06,185.00,VIA Schindler,Other
Income,2018-02-06,175.00,VIA Plotts,Other
Income,2018-02-06,185.00,VIA Butek,Other
Income,2018-02-07,105.00,Michael Perry,Chess
Income,2018-02-07,1925.00,Paycheck,Tangible
Income,2018-02-09,2115.39,Paycheck,Rockler
Income,2018-02-15,615.00,Bill Harrison,Chess
Income,2018-02-23,2115.39,Paycheck,Rockler
Income,2018-03-08,140.00,Michael Perry,Chess
Income,2018-03-08,255.00,Dad Repayment,Other
Income,2018-03-09,2115.39,Paycheck,Rockler
Income,2018-03-23,2115.39,Paycheck,Rockler
Income,2018-04-06,2115.39,Paycheck,Rockler
Income,2018-04-09,140.00,Michael Perry,Chess
Income,2018-04-20,2115.39,Paycheck,Rockler
Income,2018-04-22,430.00,Bill Harrison,Chess
Income,2018-05-04,140.00,Michael Perry,Chess
Income,2018-05-04,617.00,Bill Harrison,Chess
Income,2018-05-04,2115.39,Paycheck,Rockler
Income,2018-05-18,2115.39,Paycheck,Rockler
Income,2018-05-21,668.00,Bill Harrison,Chess
Income,2018-06-01,2115.39,Paycheck,Rockler
Income,2018-06-15,2115.39,Paycheck,Rockler
Income,2018-06-20,70.00,Michael Perry,Chess
Income,2018-06-20,400.00,Kirstie's Birthday,Gifts
Income,2018-06-29,2115.39,Paycheck,Rockler
Income,2018-07-07,245.00,Bill Harrison,Chess
Income,2018-07-10,70.00,Michael Perry,Chess
Income,2018-07-13,2115.39,Paycheck,Rockler
Income,2018-07-27,2115.39,Paycheck,Rockler
Income,2018-07-31,40.00,Samuel Heinemann,Chess
Income,2018-08-01,70.00,Michael Perry,Chess
Income,2018-08-07,-287.40,St. Henry's Coffee Booth,Other
Income,2018-08-10,2115.39,Paycheck,Rockler
Income,2018-08-18,-107.97,St. Henry's Coffee Booth,Other
Income,2018-08-18,-25.00,St. Henry's Coffee Booth,Other
Income,2018-08-21,40.00,Samuel Heinemann,Chess
Income,2018-08-24,2115.39,Paycheck,Rockler
Income,2018-08-24,-12.95,St. Henry's Coffee Booth,Other
Income,2018-08-24,-13.92,St. Henry's Coffee Booth,Other
Income,2018-08-26,217.00,St. Henry's Coffee Booth,Other
Income,2018-08-26,168.00,St. Henry's Coffee Booth,Other
Income,2018-08-26,20.00,St. Henry's Coffee Booth,Other
Income,2018-08-26,105.00,St. Henry's Coffee Booth,Other
Income,2018-08-26,40.00,St. Henry's Coffee Booth,Other
Income,2018-08-26,8.00,St. Henry's Coffee Booth,Other
Income,2018-08-31,245.00,Bill Harrison,Chess
Income,2018-09-03,40.00,Samuel Heinemann,Chess
Income,2018-09-05,140.00,Michael Perry,Chess
Income,2018-09-07,2115.39,Paycheck,Rockler
Income,2018-09-11,40.00,Samuel Heinemann,Chess
Income,2018-09-18,40.00,Samuel Heinemann,Chess
Income,2018-09-21,2115.39,Paycheck,Rockler
Income,2018-09-25,40.00,Samuel Heinemann,Chess
Income,2018-09-30,960.00,Emmanuel Kaul,Chess
Income,2018-10-02,40.00,Samuel Heinemann,Chess
Income,2018-10-03,140.00,Michael Perry,Chess
Income,2018-10-05,2115.39,Paycheck,Rockler
Income,2018-10-09,40.00,Samuel Heinemann,Chess
Income,2018-10-15,500.00,Rockler Bonus,Bonus
Income,2018-10-19,2115.39,Paycheck,Rockler
Income,2018-10-23,40.00,Samuel Heinemann,Chess
Income,2018-11-02,2115.39,Paycheck,Rockler
Income,2018-11-06,40.00,Samuel Heinemann,Chess
Income,2018-11-13,40.00,Samuel Heinemann,Chess
Income,2018-11-14,140.00,Michael Perry,Chess
Income,2018-11-15,75.00,Bill Harrison,Chess
Income,2018-11-16,2115.39,Paycheck,Rockler
Income,2018-11-27,40.00,Samuel Heinemann,Chess
Income,2018-11-30,2115.39,Paycheck,Rockler
Income,2018-12-04,40.00,Samuel Heinemann,Chess
Income,2018-12-05,70.00,Michael Perry,Chess
Income,2018-12-10,525.00,Bill Harrison,Chess
Income,2018-12-11,40.00,Samuel Heinemann,Chess
Income,2018-12-14,2115.39,Paycheck,Rockler
Income,2018-12-21,150.00,Manjusri Sangupta,Chess
Income,2018-12-28,2115.39,Paycheck,Rockler
Income,2018-12-30,67.50,Bill Harrison,Chess
